Clave del artículo,Descripción del artículo,Línea,Existencias
2F,DOBLE FASE,PTI,54
1785,MEM 1785,INS,42.945
2FB,DOS FASES BLOEM,MQ,0
2FBLO,2 FASES BLOEM,MQ,0
2FLV,DOS FASES LA VIE,MQ,0
2FP 320 G,DOBLE FASE HIDRATANTE,PTM,1265
2FV,2 FASES LA VIE,MQ,0
2FZ,2 FASES ZAYNA,MQ,0
7OH,7 OILS HIDRATANTE,PTM,158
AAP,ACEITE DE ARGAN 50 ML,PTM,6
ABAA 120M,AFTER-SHAVE BARBER FORZA 120ML,PTB,30
ABAA-A 120ML,AFTER-SHAVE BARBER ALLEGRO 120ML,PTB,6
ABAA-R 120ML,AFTER-SHAVE BARBER REBEL 120ML,PTB,652
ABBA 60ML,ACEITE BARBER BERGAMOTA 50ML,PTB,889
AC-HA,ACIDO HIALURONICO,INS,21.4
ACRB,DEFINIDOR DE RIZOS KIHARA,PTI,0
AL,BOTE AIRLESS 200,INS,1136
AMI,AGUA MICELAR INBELLEZA,PTI,5
AR,ACTIVADOR DE RIZOS,PTI,35
ARI,ACTIVADOR DE RIZOS INBELLEZA,PTI,51
ARP 1000 ML,ACTIVADOR DE RIZOS 1000 ML,PTM,6
ARP 250 G,SPIRALE,PTM,935
ARP 490 G,ACTIVADOR DE RIZOS CURLY,PTM,798
B1000,BOTE CILINDRICA 960 L,INS,830
B2F,BASE 2 FASES,GRN,1071.1
B2FB,BASE 2 FASES OLEOSA BLOEM,GRN,0
B2FO,BASE 2 FASES OLEOSA,GRN,0
B2FP 320 G,BASE DOBLE FASE HIDRATANTE,GRN,500
B2FV,BASE 2 FASES LA VIE OLEOSO,GRN,0
B2FZ,BASE 2 FASES  ZAYNA  (FASE ACUOSA),GRN,0
B2FZO,BASE 2 FASES ZAYNA ( OLEOSA ),GRN,0
B7OH,BASE 7 OILS HIDRATANTE,GRN,100.8
BAA,BASE ACEITE ARGAN ( SILICA FINALIZADORA),GRN,0
BAC,BASE ACEITE CRECIMIENTO BARBERS,GRN,0
BAC11,BASE ACEITE 11 ACTIVOS,GRN,0
BACRB,BASE DEFINIDOR DE RIZOS KIHARA,GRN,0
BACRIZIN,BASE DE ACTIVADOR DE RIZOS INB,GRN,438.8
BACTRIZPL,BASE ACTIVADOR DE RIZOS PLATINUM,GRN,0
BAE,BOMBA ATOMIZADORA ESTRIADA 24/410,INS,3761
BAE20,BOMBA ATOMIZADORA ESTRIADA 20/410 NAT,INS,0
BAFF,BASE AFTER SHAVE FORTE,GRN,0
BAG,BASE ACEITE GOJI ZAYNA,GRN,0
BALN,BOMBA ATOMIZADORA LISA NEGRA 24/410,INS,0
BAMI,BASE AGUA MICELAR INB,GRN,0
BARI,BASE ACTIVADOR DE RIZOS INBELLEZA,GRN,800
BARP 490 G,BASE ACTIVADOR DE RIZOS CURLY,GRN,0
BASA,BASE AFTER SHAVE ALLEGRO,GRN,0
BASE SANIT,BASE SANITIZANTE,GRN,379
BASHMANVER,BASE SHAMPOO MANOS MANZANA VERDE,GRN,0
BASHMPCOCO,BASE SHAMPOO MANOS COCO,GRN,0
BASHPMAN,BASE SHAMPOO MANOS MANDARINA,GRN,0
BASHPMFR,BASE SHAMPOO MANOS FRUTOS ROJOS,GRN,0
BASHPML&T,BASE SHAMPOO MANOS LIMON&TE VERDE,GRN,0
BASR,BASE AFTER SHAVE REBEL,GRN,0
BATL,BOMBA ATOMIZADORA DE LUJO PLATA 20/410,INS,0
BB,BASE BALSAMO PLATINUM,GRN,0
BBCG,BASE BARBER CERA GEL,GRN,0
BBGA,BASE BARBER GEL PARA AFEITAR,GRN,0
BBHCB,BASE BLACK HAWK CERA BRILLO,GRN,0
BBHGA,BASE BLACK HAWK GEL ARAÑA,GRN,0
BBHP,BASE BLACK HAWK HAIRD POMADE,GRN,0
BBHS,BASE BLACK HAWK SHAMPOO DE BERGAMOTA,GRN,0
BBPT,BASE BARBER POMADA TAMBOR,GRN,30
BC,BASE COLAGENO PLATINUM,GRN,0
BC240,BOTE COTY 240,INS,0
BCA,BOTELLA CILINDRICA ALTA 500ML 28/410,INS,23486
BCB,BASE CERA BRILLO,GRN,50
BCCI,BASE COLAGENO CAFE IN BELLEZZA,GRN,0
BCH250N,BOTE CHAMPU 250 NATURAL,INS,3911.999999
BCHESP,BASE CHOCOLATE ESPECIAL,GRN,0
BCHO,BASE CHOCOLATE PLATINUM,GRN,1.42E-14
BCIL125,BOTELLA CILINDRICA 125 R24/410,INS,0
BCM,BASE CERA MATE,GRN,51.25
BCMI,BASE COLAGENO MALTRATADO IN BELLEZZA,GRN,0
BCN,BASE CERA NEGRA MAQUILA,GRN,0
BCNI,BASE COLAGENO NIÑA IN BELLEZZA,GRN,0
BCOLGLIQ,BASE DE COLAGENO LIQUIDO,GRN,0
BCS,BASE CERA SHARP BRILLO,GRN,1.42E-14
BCTI,BASE COLAGENO TEÑIDO,GRN,0
BD,BOMBA DOSIFICADORA 24/410 NATURAL,INS,5100
BDACB,BOMBA DISPENSADORA LISA AB/CERR BLANCA,INS,0
BDB,BOMBA DOSIF BLANCA 20/410,INS,943
BDEN,BOMBA DOSIFICADORA ESTR NEGRA 28/410,INS,5200
BDFI,BASE DOBLE FASE INBELLEZA AZUL,GRN,500
BDL,BOMBA DOSIFICADORA LISA NAT 28/410,INS,1320
BDLBMQ,BOMBA DOSIFICADORA LISA BLANCA MAQUILA,INS,1020
BDM,BOMA DOSIFICADORA MAQUILL NEGRA 24/410,INS,0
BDMB,BOMBA DOSIFICADORA MAQUILLAJE 18/410,INS,300
BDMN,BOMBA DOSIF MAQUILLAJE 24/410 NEGRA,INS,910
BF,BOTE FARMA 240ML 24/410 NATURAL,INS,389
BFA120,BOTE FARMA AMBAR 120 ML,INS,4551.3333
BG,BARBER GEL PARA AFEITAR,PTB,1257
BGA,BASE GEL ARAÑA  BARBER,GRN,0
BGAA,BASE GEL ARAÑA MAQUIILA,GRN,0
BGAI,BASE GEL ANTIBACTERIAL INBELLEZZA,GRN,0
BGC,BASE BARBER GEL PARA CRECIMIENTO,GRN,0
BGM,BASE GEL PARA AFEITAR MAQUILA,GRN,0
BGS,BASE GEL  ARAÑA SHARP,GRN,0
BHCB,BLACK HAWK CERA BRILLO,MQ,0
BHCN,BLACK HAWK CERA BRILLO NEGRA,MQ,0
BHGA,BLACK HAWK GEL ARAÑA,MQ,0
BHHP,BLACK HAWK HAIR POMADE,MQ,0
BID20,BIDON DE 20 LITROS,INS,32
BID50,BIDON DE 50 LITROS,INS,0
BJ500,BOTELLA JEFFERSON ROUND 500 28/410 NEG,INS,0
BJF1L/MQ,BOTE JEFFERSON 1 LT MAQUILA,INS,20
BJFNAT,BOTE JEFFERSON NATURAL 28/410,INS,0
BJN500,BOTE JEFFERSON 500 28/410 NEGRO,INS,4023
BK,BASE KERATINA NARANJA,GRN,0
BK&C,BASE KERATINA COLAGENO LA VIE,GRN,0
BKCI,BASE KERATINA  COLAGENO INBELLEZZA,GRN,0
BL,BOTE LISA 60 20/410,INS,5482
BL120,BOTE LISA 120 20/410 NATURAL,INS,15065
BL300,BOTE LOCION 300 ML,INS,9138
BL300BM,BOTE LOCION 300 ML BLANCO MAQUILA,INS,0
BLA,BASE HAIR POMADE BROWN LUIS ANGELUS,GRN,0
BLAB,BASE HAIRD POMADE BLACK LUIS ANGELUS,GRN,0
BLAK28410,FLIP TOP NEGRA 28/410,INS,0
BLPZ,BASE LIMPIEZA PROFUNDA GOJI ZAYNA,GRN,0
BM 1000 ML,BALSAMO 1000 ML,PTM,6
BM 250 G,BALSAMO,PTM,6
BMD,BOMBA DEDO PL,INS,977
BMDN,BOMBA DEDO NEGRA 24/410,INS,1560
BMIP,BASE MASCARILLA INTENSIVA PLATINUM,GRN,0
BMV,BASE SHAMP MATIZ VIOLETA PLATINUM,GRN,950
BNB,BASE CERA NEGRA BARBERS,GRN,0
BOL,BOLSAS PLATINUM NEGRA,INS,7027
BOL KRAF PLAT,BOLSA KRAF PLATINUM,INS,5281
BOL-BLAN-PLAT,BOLSA BLANCA PLAT,INS,8624
BOLBACH,BOLSA BARBER KRAFT CHIC #5,INS,0
BOLBAG,BOLSA BARBER KRAFT GDE #10,INS,0
BOTE 300 INB,BOTELLA 300 INBELLEZZA NVA,INS,2402
BOTE 300 NAT,BOTELLA 300 INBELLEZZA NAT,INS,1412
BOTE 500 INB,BOTELLA 500 INBELLEZZA NVA,INS,8376
BOTJEFF BLAN1LT,BOTE JEFFERSON BLANCO 1LT R28/410,INS,4898
BOTMULT,BOTELLA MULTIUSOS CON TAPA DE LITRO,INS,1350
BPB,BASE PRESHAVE BARBES,GRN,0
BPS,BASE HAIRD POMADE SHARP,GRN,0
BPT,BARBER POMADA TAMBOR,PTB,685
BPTC,BASE PRODUCTO TERMINADO CONSERVADOR,GRN,0
BQC-KASVAA,BOTE BQC KASVA (SHAMPOO MINOXIDIL & BERG,INS,96
BQC-KIHARA,BOTE BQC KIHARA (DEFINIDOR DE RIZOS),INS,736
BQC-KIHARA-SHAM,BOTE BQC (KIHARA SHAMPOO RIZOS),INS,36
BQC-SOFT,BOTE BQC SOFT (TERMO PROTECTOR),INS,54
BQCON,BASE QUIMICO CONSERVADOR,GRN,0
BR,BASE RIZOS,GRN,7.11E-15
BRKC,BASE REEST. KERATINA COLAGENO KARITE,GRN,800
BS,BOTE SEDAL 250 24/410 NATURAL,INS,0
BSA,BARBER SHAMPOO ANTI CAIDA CRINCE,PTB,550
BSAG,BASE SHAMPÓO AZUL GOJI ZAYNA,GRN,0
BSAH,BASE SHAMPOO CON ACIDO HIALURONICO,GRN,0
BSAI,BASE SHAMPOO AZUL  IN BELLEZZA,GRN,950
BSAZ,BASE SHAMPOO AZUL INBELLEZA (COMPRA),GRN,0
BSB,BASE SHAMPOO BERGAMOTA,GRN,0
BSBI,BASE SHAM BERGAMOTA INBELLEZZA,GRN,0
BSC,BASE BARBER SHAMPOO CRINCE,GRN,0
BSCB,BASE SHAMPOO CEBOLLA CON BIOTINA,GRN,0
BSCORG,BASE SHAMPOO CABALLO ORGANICO,GRN,0
BSCP,BASE SHAMPOO CREMATIZADO PLATINUM,GRN,0
BSCREST,BASE SHAMPOO CABALLO RESTRUCTURANTE,GRN,0
BSF,BASE SILICA FINALIZADORA LA VIE,GRN,0
BSFB,BASE SILICA FINALIZADORA BLOEM,GRN,0
BSHA,BASE SHAMPOO ARGAN PLATINUM,GRN,0
BSHAH,BASE SHAMPOO ACIDO HIALURONICO INBELLEZA,GRN,1000
BSHC,BASE SHAMPOO CABALLO,GRN,0
BSHCP,BASE SHAMPOO DE CEBOLLA PLATINUM,GRN,0
BSHD,BASE SHAMPOO DEPART ANTI CAIDA,GRN,0
BSHM500,BASE SHAMPOO MATIZADOR AZUL 500GR,GRN,818
BSHMA,BASE SHAMPOO MATIZ AZUL INBELLEZA,GRN,0
BSHMP,BASE SHAMPOO MINOXIDIL PLATINUM,GRN,0
BSHMP 1000ML,BASE SHAMPOO MINOXIDIL PLATIMUM 1000 ML,GRN,0
BSHMV500,BASE SHAMPOO MATIZADOR VIOLETA 500GR,GRN,200
BSHNEUINB,BASE SHAMP. NEUTRO INBELLEZZA,GRN,400
BSHRB,BASE SHAMPOO KIHARA,GRN,0
BSHV,BASE SHAMPOO MATIZ VIOLETA INBELLEZA,GRN,1900
BSK,BOTE SHAMPOO KABEL,INS,5360
BSLN,BASE SEMI DE LINO (ACEITE DE LINO),GRN,37
BSLRO,BASE SHAMPOO REP-ORG LA VIE,GRN,0
BSLS,BASE SHAMPOO LIBRE DE SULFATOS PLATINUM,GRN,58.22
BSM,BASE SEMI DE LINO,GRN,0
BSMAP,BASE TINTURA AZUL,GRN,0
BSMAP 1000ML,BASE TINTURA AZUL 1000 ML,GRN,0
BSMB,BASE SHAMPOO MINOXIDIL BARBER,GRN,0
BSMBB,BASE SHAMPOO KASVAA,GRN,0
BSMJ,BASE SHAMPOO MINOXIDIL JAIME,GRN,0
BSMNI,BASE SHAMPOO MATIZ NEGRO INB,GRN,0
BSMP 490G,BASE SHAMPOO TINTURA VIOLETA 490G,GRN,950
BSMQ,BASE SHAMPOO MINOXIDIL MAQUILA,GRN,0
BSMR,BASE SHAMPOO MATIZ ROJO INBELLEZA,GRN,500
BSMRI,BASE SHAMPOO MINOXIDIL CON ROMERO INB,GRN,3342
BSMVI,BASE SHAMPOO VIOLETA IN BELLEZZA,GRN,200
BSMX,BASE SHAMPOO MINOXIDIL,GRN,2454.5
BSNI,BASE SHAMP NEGRO INBELLEZZA,GRN,3586
BSON,BOTE SONATA (MUESTRAS),INS,0
BSP,BASE SHAMPOO PULIZIA,GRN,0
BSPH,BASE SHAMPOO PH PLATINUM,GRN,100
BSQ,BASE SILICA MAQUILA,GRN,0
BSUE,BASE SUERO PLATINUM,GRN,0
BSUEESP,BASE SUERO ESPECIAL,GRN,0
BSUM,BASE SUERO LOVE LINESS,GRN,0
BSV,BASE SHAMPOO  VIOLETA PL (COMPRA),GRN,0
BSVI,BASE SHAMPOO VIOLETA INBELLEZZA (COMPRA),GRN,0
BTA,BASE TRAT ARGAN PLATINUM,GRN,0
BTAH,BASE TRATAMIENTO CON ACIDO HIALURONICO,GRN,6.88
BTAH 490,BASE TRATAMIENTO ACIDO HIALURONICO 490,GRN,0.2
BTAI,BASE TRATAMIENTO ARGAN IN BELLEZZA,GRN,0
BTCB,BASE TRATAMIENTO CEBOLLA CON BIOTINA,GRN,0
BTCP,BASE TRATAMIENTO DE CEBOLLA PLATINUM,GRN,0
BTCP200,BASE TINTURA CREM PLATINUM,GRN,0
BTE 300 23GR,BOTELLA INBELLEZZA 300 23GR R24,INS,0
BTE 500 33GR,BOTELLA INBELLEZZA 500 33GR R28,INS,0
BTG,BASE TRATAMIENTO GOJI ZAYNA,GRN,0
BTM,BASE TRATAMIENTO MATIZADOR PLATINUM,GRN,0
BTMB,BASE TONICO MINOXIDIL BARBERS,GRN,200
BTMI,BASE TRATAMIENTO MATIZ IN BELLEZZA,GRN,395
BTPB,BASE SOFT TRATAMIENTO TERMOPROTECTOR,GRN,0
BTPI,BASE TERMO PROTECTOR INB,GRN,2.00E-07
BTRB,BASE TRAT. REP. KERATINA COLAGENO  BLOEM,GRN,0
BTRL,BASE TRATAMIENTO SUERO REPARADOR BLOEM,GRN,0
BTS,BOTE TUBO SPRAY 70 ML,INS,7671
BVE,BASE VITAMINA E PLATINUM,GRN,0
BVEI,BASE VITAMINA E INBELLEZZA,GRN,0
BVR,BASE VIOLETA REPROCESO,GRN,0
CAJ1000,CAJA 1000 ML,INS,296.1606
CAJA CERA SH,CAJA CERA SHARP 30.3X23X18.8,INS,0
CAJA MIN,CAJA MINOXIDIL INBELLEZZA,INS,4635.4598
CAJA PLAT ROSA,CAJA PLATINUM NVA 320,INS,1318.6688
CAJACBAR,CAJA GOTERO VIDR CRECI BARBER  20.4X16.4,INS,454
CAJARG,CAJA ACEITE ARGAN (12.6X9.7X19.5),INS,390
CAJASH24,CAJA SHARP 24 PZ 39.1X26X24.8,INS,0
CAJBERG,CAJA BERGAMOTA (34.2X22.5X25.3),INS,0
CAJBG,CAJA BARBER GEL P/AFEITAR ( 38.4X25.6X24,INS,1700.0032
CAJBLGEL,CAJA GEL AFEITAR BLACK HAWK 24 PZ,INS,0
CAJBLKSHP,CAJA BLACK 24 PZ 39.1X26X24.8,INS,0
CAJCER,CAJA CERA INBELLEZZA36 PZ (30X22.5X20.1),INS,954
CAJCERBAR,CAJA CERA BARBER 36 PZA,INS,976
CAJCERBS,CAJA CERA BLACK 30.3X23X18.8,INS,0
CAJCOL,CAJA COLAGENO 24 PZ INB (24.5X18.5X31),INS,0
CAJCOLN,CAJA COLAGENO NUEVO( 28.9X19.2X15.3),INS,61
CAJFARMAMB,CAJA BARBER FARMA AMBAR 24 PZ,INS,591.5567
CAJGCRE,CAJA BARBER GEL CRECIMIENTO(34.2X22.8X16,INS,40.167
CAJGOJAC,CAJA GOJI ACEITE (18.6X12.4X18.7),INS,0
CAJGOJSHAM,CAJA GOJI SHAMPOO (30.6X20.4X20.7),INS,0
CAJINB,CAJA INBELLEZZA DOBLE FASE,INS,1014
CAJINB300,CAJA INBELLEZZA NVA 300 GR,INS,1024
CAJL,CAJA LOVE LINESS (28.8X19.2X19.3),INS,228
CAJPLAT,CAJA PLATINUM (30X20X21),INS,53
CAJSANT,CAJA SANITIZANTE FORCE,INS,205
CAJSELI,CAJA SEMI LINO 24 PZ (24.4x16.6x16.8),INS,488
CAJSHGEL,CAJA GEL AFEITAR SHARP 24 PZ,INS,0
CAJSMS,CAJA SHAMPOO MINOX SHARP,INS,0
CAJSUPL,CAJA SUERO PLATINUM,INS,0
CAJTR70,CAJA TRAT IN 70 ML 24 P (19.2X12.8X11.7),INS,0
CAJTRAMAT,CAJA TINTURA CREME (12.5X34X26),INS,1431
CAJTRAMATPL,CAJA TRATAMIENTO MATIZADOR PLATINUM 35X2,INS,0
CAP PLAT,CAPA DE PELUQUERO PLATINUM,PRO,6
CAPBAR,CAPA DE PELUQUERO BARBER,PRO,0
CASHCOCO,CAJA SHAM. MANOS COCO COD.17502280080609,INS,780
CASHFR,CAJA SH FRUTOS ROJOS COD.175002280080630,INS,635
CASHLIMYTE,CAJA SH LIMONYTEVERDE COD.17502280080647,INS,501
CASHMANVER,CAJA SHM MANZAN VERDE COD.17502280080623,INS,584.999999
CASHTOYMA,CAJA SH MANDARINA COD.17502280080616,INS,825
CBI150,CERA BRILLO 150 GR,PTI,7
CBNM 150,CERA BARBER MATIZ 150M,PTB,654
CBP150,ANY 150 GR,PTB,327
CBS,CERA BRILLO SHARP,MQ,0
CETM,CINTA DE EMPAQUE TRANSP IMPRESA MOBA,INS,1152
CG,BARBER CERA GEL,PTB,1091
CGAI,CAJA GEL ANTIBACTERIAL INBELLEZZA 24PZA,INS,50
CHM10-SK,CHEMORYL SFB 10-SK,INS,67.9
CHOK 1000 ML,CHOCOLATE & KERATINA 1000 ML,PTM,6
CHOK 200 G,KAKAO,PTM,0
CHOK ESP 200 G,CHOCOLATE/ KERATINA ESPECIAL 200 ML,PTM,0
CJA-2F-ROSA,CAJA 2 FASES PLATINUM 320,INS,893
CJA-BQC,CAJA BQC,INS,0
CJA-INB-2F,CAJA INBELLEZZA 2FASES 12 PZS,INS,725
CJA-INB300,CAJA INBELLEZZA 300 12 PZS,INS,4056
CJA-INB500,CAJA INBELLEZZA 500 12PZS,INS,2005
CJA-PLAT490,CAJA PLATINUM NVA 490,INS,2962.8335
CJATRAMATIN,CAJA TRATAMIENTO MATIZADOR INBELLEZZA,INS,943
CM,COLAGENO MALTRATADO 250 ML,PTI,6
CMI150,CERA MATE 150 GR,PTI,18
CMP 150,PRIET 150 GR,PTB,381
CN,COLAGENO NIÑAS 250 ML,PTI,0
CP 1000 ML,COLAGENO 1000 ML,PTM,14
CP 250G,RINASCERE,PTM,34
CRI,COLAGENO RESECO 250 ML,PT,0
CT,COLAGENO TEÑIDO 250 ML,PTI,6
CUBTA-10,CUBETA BLANCA 10 LT CON TAPA,INS,29
CUBTA-19,CUBETA BLANCA 19 LT CON TAPA,INS,20
DBSTLNE,DUB ESTOLINE,INS,23
DCN 20/410,DOSIFICADORA COSMETICA LISA 20/410 NEGRA,INS,1000
DDB,DOSIFICADOR DIN BLANCO,INS,0
DELAZ,DELANTAL BARBERO AZUL,PRO,0
DELTNT,DELANTAL BARBERO TINTO,PRO,3
DFI,DOBLE FASE INBELLEZA AZUL,PTI,1080
DG,DOSIFICADIR GRIS BB-302G 28/410,INS,0
DN,DOSIFICADOR MAQUILLAJE 20/410 NEGRO,INS,8551
DN 28/410,DOSIFICADOR NEGRO 28/410,INS,1303
DNM,DOSIFICADOR NATURAL 24/410  MAQUILA,INS,0
ENCAS,ENCASQUILLADO DOSIF DEDO 24/410,INS,0
FINBL,FINALIZADOR BLOEM,MQ,0
FINV,FINZALIZADOR LA VIE,MQ,0
FLJ,FLEJE,INS,2
GAIN,GEL ANTIBACTERIAL INBELLEZZA,PTI,7584
GAIN5,GEL ANTIBACTERIAL 500G INBELLEZZA,PTI,0
GAM1LT,GEL ANTIBACTERIAL LITRO,PTF,0
GANIN,GEL ANTIBACTERIAL GRANEL,PTI,0
GAP,GEL ARAÑA BARBER,PTB,658
GARR20LT,GARRAFONES DE 20LTS,INS,0
GAS,GEL ARAÑA SHARP,MQ,0
GBDS000U,GORRA BARBER DORADA NEGRA SNAPBACK UNIT,PRO,2
GBGMS000U,GORRA GRIS PLOMO MILITAR SNAPBACK UNIT,PRO,0
GBGS000U,GORRA BARBER GRIS RAYADA SNAPBACK UNIT,PRO,0
GBNS000U,GORRA BARBER NEGRA LISA SNAPBACK UNITALL,PRO,0
GBVS000U,GORRA BARBER VERDE GRIS RAYADA SNAPBACK,PRO,0
GC,BARBER GEL PARA CRECIMIENTO 11 ACTIVOS,PTB,15
GELANT20F,GEL ANTIBACTERIAL 20LT FORCE,PTF,0
GELANTILAHUI,GEL ANTIBACTERIAL ILAHUI 500,PTF,0
GM,GEL PARA AFEITAR BLACK,MQ,0
GOT30,BOTE GOTERO 50 ML AMBAR,INS,811.6667
H2FP 250 G,SPRINKLER 250 G,PTM,54
H2FRP,SPRINKLER ROSA 250 G,PTM,0
K&C,KERATINA & COLAGENO,PTI,98
K&C70,KERATINA&COLAGENO 70 ML,PTI,0
KCB,"TRAT PROTEINA DE TRIGO, SOYA Y AVE BLOEM",MQ,0
KCM,TRATAMIENTO REPARADOR (KC) LA VIE,MQ,0
KP 1000 ML,KERATINA 1000 ML,PTM,6
KP 250G,RAVVIVARE,PTM,32
LA,HAIR POMADE BROWN LUIS ANGELUS,MQ,0
LAB,HAIR POMADE BLACK LUIS ANGELUS,MQ,0
LINESEN,LINER SENSITIVO R70,INS,1767
LINR-28,LINER SENSITIVO R-28,INS,92109
LINSEN R-24,LINER SENSITIVO R-24,INS,84604.3334
LT300C,LUBRICANTE TERM 300C,INS,6
M-2FS-300,MANGA 2 FASES 300,INS,212
M-AGUAMIC300,MANGA AGUA MISELAR 300,INS,1200
M-AR300,MANGA ACTIVADOR DE RIZOS 300,INS,23188
M-K&C300,MANGA KERATINA & COLAGENO 300,INS,800
M-PROTER,MANGA PROTECTOR TERMICO 300,INS,1878
M-SHAH300,MANGA SHAMPOO ACIDO H 300,INS,21800
M-SHAH500,MANGA SHAMPOO ACIDO H 500,INS,20200
M-SHBIO-300,MANGA SHAMPOO BIOTINA 300,INS,0
M-SHBIO-500,MANGA SHAMPOO BIOTINA 500,INS,0
M-SHCEB300,MANGA SHAMPOO CEBOLLA 300,INS,18000
M-SHCEB500,MANGA SHAMPOO CEBOLLA 500,INS,22174
M-SHMAZ300,MANGA SHAMPOO AZUL 300,INS,20800
M-SHMAZ500,MANGA SHAMPOO AZUL 500,INS,22000
M-SHMVI300,MANGA SHAMPOO VIOLETA 300,INS,22000
M-SHMVI500,MANGA SHAMPOO VIOLETA 500,INS,22000
M-SHMXI300,MANGA SHAMPOO MINOXIDIL 300,INS,20800
M-SHNEG300,MANGA SHAMPOO NEGRO 300,INS,22000
M-SHNEG500,MANGA SHAMPOO NEGRO 500,INS,24582
M-SHROJ300,MANGA SHAMPOO ROJO 300,INS,0
M-SHROJ500,MANGA SHAMPOO ROJO 500,INS,22744
M-TRATCEB300,MANGA TRATAMIENTO CEBOLLA 300,INS,18750
MBNC,MANDIL BARBER NEGRO/CAFE,PRO,0
MBNG,MANDIL BARBER NEGRO/GRIS,PRO,0
MGA-SHMXI500,MANGA SHAMPOO MINOXIDIL 500,INS,43000
MIP,MASCARILLA INTENSIVA PLATINUM,PTM,1581
MIP 20,MASCARILLA INTENSIVA PLATINUM 20 G,PTM,0
MMBCN,MEDIO MANDIL BARBER CAFE/NEGRO,PRO,0
MMPNR,MEDIO MANDIL PLATINUM NEGRO/ROSA,PRO,20
MOCHPLT,MOCHILA PLATINUM,PRO,3
MORRPLAT,MORRAL PLATINUM,PRO,4
MPN,MANDIL PLATINUM NEGRO,PRO,0
MPNR,MANDIL PLATINUM NEGRO/ROSA,PRO,12
MPRN,MANDIL PLATINUM ROSA/NEGRO,PRO,17
MQ,MAQUILA,MQ,0
MUES,MUESTRAS PLATINUM,PRO,0
NAT360,BOTELLA NATURAL 360,INS,700
PBAP 120M,PRE-SHAVE BARBER ALOE Y ARGAN 120ML,PTB,60
PIPGOT,PIPETA GOTERO NEGRO VIDRIO 18/410 P/50 M,INS,1109
PISTATOM-R28,PISTOLA ATOMIZADORA R28/400,INS,2603
PMN,MINITRIGGER R24/410 PT-104 NEGRA,INS,642
PMN-NAT,PISTOLA MINITRIGGER NATURAL 24/410,INS,8969
PORTIJNBAR,PORTA TIJERAS NEGRO BARBER,PRO,0
PS,HAIR POMADE SHARP,MQ,0
PSHCREM,PREBASE PARA SHAMPOOS CREMATIZADOS,GRN,600
R-2F,BOTELLA NAT SPRINKLER 320,INS,700
R-7OIL,BOTELLA ACEITE 7 OIL 120,INS,622
R-AMPLLTA,BOTELLA AMPOLLETA RECONSTRUCTIVA,INS,0
R-MANT-ALAC,BOTELLA MANTENIMIENTO ALACIANTE,INS,0
R-MASK-INTS,BOTELLA MASCARILLA INTENSIVA 490,INS,2087
R-SHM-HA,BOTELLA ROSA SHAMPOO HIALURONICO 490,INS,1449
R-SHM-PROF,BOTELLA SHAMPOO LIMPIEZA PROFUNDA,INS,0
R-SHM0SLF,BOTELLA ROSA SHAMPOO LIBRE SULFATOS 490,INS,6790
R-SHMCEB,BOTELLA SHAMPOO CEBOLLA 490,INS,3572
R-SHMCREMT,BOTELLA ROSA SHAMPOO CREMATIZADO 490,INS,3908
R-SLP120,BOTELLA SPLENDERE 120,INS,195
R-SPLE,BOTELLA ROSA SPIRALE 490,INS,1965
R-TINT,BOTELLA ROSA TINTURE 490,INS,1763
R-TRAT+HA,BOTELLA TRATAMIENTO HA 320,INS,3417
R-TRAT-ALAC,BOTELLA TRATAMIENTO ALACIANTE,INS,0
R-TRAT-CEB,BOTELLA ROSA TRATAMIENTO DE CEBOLLA 490,INS,3163
R-TRAT-HA490,TRATAMIENTO ACIDO HIALURONICO 490,INS,5082
RKC,REESTRUCT. KERATINA COLAGENO Y KARITE,PTI,153
RKC 20,REESTR. KERATINA COLAGENO Y KARITE 20 G,PTI,0
ROSA24/410,TAPA DE DISCO SIMETRICA ROSA 24/410,INS,71195
ROSA360CON,BOTELLA ROSA SUERO 320,INS,19885
ROSA360SIN,BOTELLA ROSA 320,INS,0
ROSA480CON,BOTELLA ROSA SUERO 490,INS,16683
ROSA480SIN,BOTELLA ROSA 480 SIN SERIGRAFIA,INS,34469
SAH,SHAMPOO DE ACIDO HIALURONICO,PTM,2642
SAH 20,SHAMPOO DE ACIDO HIALURONICO 20 G,PTM,0
SANIT20LTF,SANITIZANTE 20LTS FORCE,PTF,0
SANITAZUL,SANITIZANTE AZUL ESPEJO,PT,0
SANITIZANTE,SANITIZANTE 1LT FORCE,PTF,1396
SBI,SHAM. BERGAMOTA INBELLEZZA,PTI,40
SCB,SHAMPOO CEBOLLA CON BIOTINA,PTI,0
SCB 20,SHAMPOO CEBOLLA CON BIOTINA 20 G,PTI,0
SCB 500,SHAMPOO CEBOLLA CON BIOTINA 500,PTI,500
SCH-TAHIN20,SACHET TRATAMIENTO ACIDO H INB,INS,0
SCHT-MIP20,SACHET MASCARILLA INTENSIVA PLAT,INS,0
SCHT-RKC20,SACHET REESTRUCTURANTE INB,INS,0
SCHT-SAH20,SACHET SHAMPOO ACIDO H PLAT,INS,0
SCHT-SCB20,SACHET SHAM CEBOLLA INB,INS,0
SCHT-SHC20,SACHET SHAM CEBOLLA PLAT,INS,0
SCHT-SHCP20,SACHET TRAT CEBOLLA PLAT,INS,0
SCHT-SHMX20,SACHET SHAM MINOXIDIL INB,INS,0
SCHT-SP20,SACHET SUERO PLAT,INS,0
SCHT-TAH20,SACHET TRATAMIENTO DE ACIDO H PLAT,INS,0
SCHT-TCB20,SACHET TRATAMIENTO DE CEBOLLA INB,INS,0
SCP,SHAMPOO CREMATIZADO PLATINUM,PTM,3238
SDP,SHAMPOO DEPART,PTM,478
SDP 1000ML,SHAMPOO DEPART PLATINUM 1000 ML,PTM,0
SEPCER,SEPARADOR CERA (29.5X22),INS,0
SEPCOL,SEPARADOR COLAGENO INB,INS,0
SEPINB,SEPARADOR INBELLEZZA (19.5X19.5),INS,0
SEPSELI,SEPARADOR SEMI DE LINO (16X11.9),INS,0
SEPTRATMAT,SEPARADOR TRATAMIENTO MATIZADOR,INS,0
SF,SILICA FINALIZADORA LA VIE,MQ,0
SFB,SILICA FINALIZADORA BLOEM,MQ,0
SGCC010L,SANITIZANTE CITRORORGANICS GERFER,PT,0
SHAH,SHAMPOO ACIDO HIALURONICO INBELLEZA,PTI,0
SHAH 20,SHAMPOO ACIDO HIALURONICO INBELLEZA 20 G,PTI,0
SHAH 500,SHAMPOO ACIDO HIALURONICO INB 500,PTI,1
SHAMANVERFOR,SHAMPOO MANOS MANZANA VERDE 250GR,PTF,324
SHBER,SHAMPOO DE BERGAMOTA LA VIE,MQ,0
SHBH,SHAMPÓO DE BERGAMOTA BLACK HAWK,MQ,0
SHCAB,SHAMPOO CABALLO 500 ML,PT,0
SHCAB1000,SHAMPOO CABALLERO 1000 ML,PT,0
SHCBO,SHAMPOO CABALLO ORGANICO,PT,0
SHCBRS,SHAMPOO CABALLO RESTRUCTURANTE,PT,0
SHCP,SHAMPOO DE CEBOLLA PLATINUM,PTM,1731
SHCP 20,SHAMPOO DE CEBOLLA PLATINUM 20 G,PTM,0
SHCP 250 G,UOMO,PT,0
SHM,SHAMPOO MATIZADOR AZUL,PTI,1062
SHM500,SHAMPOO MATIZADOR AZUL 500 GR,PTI,2898
SHMA,SHAMPOO MATIZ AZUL INBELLEZA 300,PTI,0
SHMA 500,SHAMPOO MATIZ AZUL INBELLEZA 500,PTI,0
SHMAND 20LT F,SHAMPOO MANOS MANDARINA 20LT,PTF,0
SHMANZ 20 LT,SHAMPOO MANOS MANZANA VERDE 20LT,PTF,0
SHMB,SHAMPOO MINOXIDIL BARBER,PTB,116
SHMCOCO 20 LT,SHAMPOO MANOS COCO 20 LT,PTF,0
SHMCOCO 250GR,SHAMPOO MANOS COCO 250GR,PTF,252
SHMFRTROJ 20 LT,SHAMPOO MANOS FRUTOS ROJOS 20LT,PTF,0
SHMFRTROJ 250GR,SHAMPOO MANOS FRUTOS ROJOS 250GR,PTF,384
SHMLIM&TV 20 LT,SHAMPOO MANOS LIMON & TE VERDE 20 LT,PTF,0
SHMLIM&TV 250GR,SHAMPOO MANOS LIMON & TE VERDE 250GR,PTF,48
SHMMAND 250GR,SHAMPOO MANOS MANDARINA 250GR,PTF,324
SHMP,SHAMPOO MINOXIDIL PLATINUM,PTM,1019
SHMP 1000ML,SHAMPOO MINOXIDIL PLATINUM 1000 ML,PTM,600
SHMV,SHAMPOO MATIZADOR VIOLETA,PTI,3261
SHMV500,SHAMPOO MATIZADOR VIOLETA 500 GR,PTI,639
SHMXI,SHAMPOO MINOXIDIL INBELLEZZA,PTI,10023
SHNEUTINB,SHAMPOO NEUTRO INBELLEZZA,PTI,2797
SHPA260,ASSORBIMENTO,PTM,6
SHPH,EQUILIBRANTE,PTM,2195
SHPH1000,SHAMPOO NIVELADOR PH 1000 ML,PTM,467
SHRB,SHAMPOO KIHARA,PTI,0
SHV,SHAMPOO MATIZ VIOLETA INBELLEZA 300,PTI,0
SHV 500,SHAMPOO MATIZ VIOLETA INBELLEZA 500,PTI,0
SHZ,SHAMPOO AZUL ZAYNA,PT,0
SL,SEMI DE LINO 70 ML,PT,0
SLMX500G,SHAMPOO SHARP MINOXIDIL 500 G,PT,0
SLN,SEMI DE LINO (ACEITE DE LINAZA),PTM,391
SLOO500G,SHAMPOO LA VIE ORGANICO 500G,MQ,0
SLP,SPLENDERE,PTM,345
SLPG,SHAMPOO LIMPIEZA PROFUNDA GOJI,PT,0
SLRR500G,SHAMPOO LA VIE REPARDOR 500G,MQ,0
SLS,SHAMPOO LIBRE DE SULFATOS PLATINUM,PTM,3076
SM,SILLA DE MONTAR 24/410 NEGRA,INS,1388
SMAP 1000 ML,TINTURA AZUL 1000 ML PLATINUM,PTM,233
SMAP 250G,TINTURA AZUL PLATINUM,PTM,423
SMB,SHAMPOO MATIZADOR BLOEM,MQ,0
SMBB,SHAMPOO KASVAA,PTI,0
SMLV,SHAMPOO VIOLETA LAVIE,PT,0
SMN,SILLA DE MONTAR 24/410 NATURAL,INS,2320
SMNI,SHAMPOO MATIZ NEGRO INB 300,PTI,0
SMNI 500,SHAMPOO MATIZ NEGRO INB 500,PTI,39
SMP 1000 ML,SHAMPOO MATIZADOR VIOLETA 1000 ML,PTM,26
SMP 250G,TINTURE,PTM,2711
SMP 490G,SHAMPOO TINTURA VIOLETA 490 GR,PTM,3190
SMR,SHAMPOO MARIZ ROJO INB 300,PTI,0
SMR 500,SHAMPOO MATIZ ROJO INB 500,PTI,183
SMRI,SHAMPOO MINOXIDIL CON ROMERO INB 300,PTI,0
SMRI 20,SHAMPOO MINOXIDIL CON ROMERO 20 G,PTI,0
SMRI 500,SHAMPOO MINOXIDIL CON ROMERO INB 500,PTI,4921
SMV,SHAMPOO MATIZADOR LA VIE,MQ,0
SNI,SHAMPOO NEGRO INBELLEZZA,PTI,3079
SP 1000,SUERO RECONSTRUCTOR 1000 ML,PTM,243
SP20,SUERO RECONSTRUCTOR 20 GR,PTM,0
SP200,SUERO RECONSTRUCTOR,PTM,2987
SP250,SUERO PLATINUM 250,PTM,0
SP320,SUERO RECONSTRUCTOR 320,PTM,515
SP490,SUERO RECONSTRUCTOR 490,PTM,207
SPE200,SUERO EDITZA 200 ML,PT,25
SPESP,SUERO ESPECIAL,PT,0
SPP,SHAMPOO PULIZIA,PTM,6
SPP 1000ML,SHAMPOO PULIZIA PLATINUM 1000 ML,PTM,0
SRB,SUERO REPARADOR BLOEM,MQ,0
SUEM,SUERO LOVELINESS,MQ,1211
SVB,SHAMPOO VIOLETA BLOEM,PT,0
T 70/400,TAPA 70/400 NEGRA,INS,3243
T/A/BMQ,TAPA ALTA PARA BODY MAQUILA,INS,7608
T/B,TAPA PARA BODY,INS,0
T/B/AIR,TAPA PARA BOTE AIRLESS,INS,1177
T/BMQ,TAPA CUADRADA PARA BODY MAQUILA,INS,0
T/C 250,TAPA CHIO NAT NARANJA 250,INS,638
T/C 250 M,TAPA CHIO NAT MORADO 250,INS,499
T/C 250 R,TAPA CHIO NAT ROSA 250,INS,300
T/D,TAPA DISCK-TOP 24/410,INS,1313
T/D B,TAPA DISCK-TOP 24/410 BLANCA,INS,22876
T/D/N,TAPA DE DISCO NEGRA 24/410,INS,11417.6668
T/D20,TAPA DISCK-TOP 20/410,INS,1000
T/D28,TAPA DISCK-TOP 28/410,INS,0
T/M,TAPA METALICA 28/410 CON LINER ESPUMADO,INS,4495
T/M/D,TAPA METALICA DORADA,INS,0
T/PL,TAPA PLANA R24/2410 C/LINER ESPUMADO,INS,0
T2FS,TAPA DOBLE FALDON SIMETRICA CORTA 28/400,INS,34405
TA,TRATAMIENTO DE ARGAN,PTI,26
TA 70/400,TAPA ALTA 20/410,INS,0
TA70,TRATAMIENTO DE ARGAN 70 ML,PTI,31
TAH,TRATAMIENTO CON ACIDO HIALURONICO,PTM,1946
TAH 20,TRATAMIENTO CON ACIDO HIALURONICO 20 G,PTM,0
TAH 490,TRATAMIENTO CON ACIDO HIALURONICO 490,PTM,3075
TAMB,TAMBORES AZULES,INS,86
TAMB200KG,TAMBOR DE 200KG,INS,0
TAPBERLIN,TAPA BERLIN NATURAL,INS,16794
TB200,TUBO BODY 200,INS,2292
TB200M,TUBO BODY 200 MAQUILA,INS,6632
TB250,TUBO BODY 250,INS,2623
TBMT 120M,TONICO BARBER MINOXIDIL 120ML,PTB,185
TBO-5GR,TUBO PARA LABIAL BLANCO 5 GR,INS,0
TC 250,TARRO CHIO NATURAL,INS,540
TCAP 250 G,MOROCCO,PTM,281
TCB,TRATAMIENTO CEBOLLA CON BIOTINA INB,PTI,330
TCB 20,TRATAMIENTO CEBOLLA CON BIOTINA INB 20 G,PTI,0
TCP,TRATAMIENTO DE CEBOLLA PLATINUM,PTM,2662
TCP 20,TRATAMIENTO DE CEBOLLA PLATINUM 20 G,PTM,0
TCP200,TINTURA CREM PLATINUM,PTM,1249
TD28BLAN,TAPA DE DISCO 28/410 BLANCA,INS,6050
TDN28/410,TAPA DE DISCO NEGRA 28/410,INS,2543
TDNATMQ,TAPA DE DISCO 24/410 NATURAL MQ,INS,6540
TDSBM,TAPA DE DISCO SIM 24/410 BLANCA MAQUILA,INS,7403
TG,TRATAMIENTO GOJI ZAYNA,PT,0
TL 250,LINER DEL TARRO NATURAL 250,INS,1390
TL150 70/400,TARRO L 150 70/400 NEGRO,INS,1658
TL200 70/400,TARRO L 200 NATURAL,INS,770
TLCOD,TOALLAS DE LIMPIEZA PARA CODIFICADORA,PRO,114
TM,TRATAMIENTO MATIZADOR 200 ML,PTI,128
TM 70/400,TAPA METALICA 70/400,INS,0
TMN10,TRATAMIENTO MATIZADOR NATURAL 10 250 GR,PT,0
TMP 200 G,TINTURA CREME,PTM,206
TOLLB,TOALLAS BARBER,PRO,10
TOLLP,TOALLAS PLATINUM,PRO,38
TP,TAZAS PLATINUM,PRO,0
TPB,SOFT TRATAMIENTO TERMOPROTECTOR,PTI,0
TPI,TERMO PROTECTOR INB,PTI,167
TPPC24/410,TAPA PUSH PULL LISA CLAU R24/410 NAT,INS,0
TRAT MATIZADOR,TRATAMIENTO MATIZADOR 200 ML,PT,0
TRB,TRATAMIENTO REPARADOR BLOEM,MQ,0
TRLV,TRATAMIENTO REPARADOR LA VIE,MQ,0
TS,TAPA SPRAY,INS,8775
TT 200,TARRO T 200 70/400 NATURAL,INS,1174
VEI,VITAMINA E & COLAGENO,PTI,622
VEI70,VITAMINA E & COLAGENO 70 ML,PTI,1447
VEP 1000 ML,VITAMINA E 1000 ML,PTM,0
VEP 250 G,EXQUISITE,PTM,1115
bscm,BASE SHAMPOO DE CABALLO MAQUILA,GRN,0
